url_path,views_total,views_unique
/awslabs/fullstack-solution-template-for-agentcore,1680,646
/awslabs/fullstack-solution-template-for-agentcore/pulls,217,24
/awslabs/fullstack-solution-template-for-agentcore/issues,197,28
/awslabs/fullstack-solution-template-for-agentcore/pull/141,108,8
/awslabs/fullstack-solution-template-for-agentcore/pull/152,104,10
/awslabs/fullstack-solution-template-for-agentcore/activity,104,7
/awslabs/fullstack-solution-template-for-agentcore/blob/main/docs/architecture-diagram/FAST-architecture-20260403.png,102,32
/awslabs/fullstack-solution-template-for-agentcore/pull/151,100,8
/awslabs/fullstack-solution-template-for-agentcore/pull/138,99,9
/awslabs/fullstack-solution-template-for-agentcore/tree/main,94,53
